[
    {
        "label": "Overview",
        "rows": [
            [{"name": "name"}, {"name":"status"}],
            [{"name": "brand"}, {"name":"partNumber"}],
            [{"name": "category"}, false]
        ]
    },
    {
        "label": "Price",
        "rows": [
            [{"name": "costPrice"}, {"name":"pricingType"}],
            [{"name": "listPrice"}, {"name":"pricingFactor"}],
            [{"name": "unitPrice"}, false]
        ]
    },
    {
        "label": "Details",
        "rows": [
            [{"name": "url"}, false],
            [{"name": "description", "fullWidth": true}]
        ]
    }
]
