[
    {
        "label": "Overview",
        "rows": [
            [{"name": "name"},{"name":"type", "readOnly": true}],        
            [false, {"name": "entityType", "readOnly": true}],    
            [{"name": "description", "fullWidth": true}]
        ]
    },
    {
        "label": "Parameters",
        "rows": [
            [
                {
                    "name": "groupBy",
                    "view": "Advanced:Report.Fields.GroupBy",
                    "params": {
                        "required": true
                    }
                },
                {
                    "name": "columns",
                    "view": "Advanced:Report.Fields.Columns",
                    "params": {
                        "required": true
                    }
                }
            ],
            [
                {
                    "name": "orderBy",
                    "view": "Advanced:Report.Fields.OrderBy"
                },
                false
            ] 
        ]
    },
    {
        "label": "Filters",
        "rows": [
            [
                {
                    "name": "filters",
                    "view": "Advanced:Report.Fields.Filters"
                },
                {
                    "name": "runtimeFilters",
                    "view": "Advanced:Report.Fields.RuntimeFilters"
                }
            ],
            [
                {
                    "name": "filtersControl",
                    "customLabel": "",
                    "view": "Advanced:Report.Fields.FiltersControl",
                    "fullWidth": true
                }
            ]
        ]
    },
    {
        "label": "Chart",
        "rows": [
            [
                {
                    "name": "chartType"
                }
            ]
        ]
    }
]
