{
    "fields": {
        "clientId": {
            "type": "varchar",
            "maxLength": 255,
            "required": true
        },
        "clientSecret": {
            "type": "varchar",
            "maxLength": 255,
            "required": true
        }
    },
    "params": {
        "endpoint": "https://accounts.google.com/o/oauth2/auth",
        "tokenEndpoint": "https://accounts.google.com/o/oauth2/token",
        "scope": "https://www.googleapis.com/auth/userinfo.profile https://www.googleapis.com/auth/calendar"
    },
    "allowUserAccounts": true,
    "authMethod": "OAuth2",
    "userView": "Advanced:Google.Google",
    "clientClassName": "\\Espo\\Modules\\Advanced\\Core\\GoogleCalendar\\Clients\\Google"
}
