[
    {
        "label": "Overview",
        "rows": [
            [
                {
                    "name": "name"
                },
                {
                    "name": "property"
                }
            ],
            [
                false,
                {
                    "name": "request"
                }
            ],
            [
                {
                    "name": "stage"
                },
                {
                    "name": "amount"
                }
            ],
            [
                {
                    "name": "probability"
                },
                {
                    "name": "closeDate"
                }
            ],
            [
                {
                    "name": "description",
                    "fullWidth": true
                }
            ]
        ]
    }
]