[
    {
        "label": "Overview",
        "rows": [
            [
                {
                    "name": "property"
                },
                {
                    "name": "stage"
                }
            ],
            [
                {
                    "name": "request"
                },
                {
                    "name": "account"
                }
            ],
            [
                {
                    "name": "contacts"
                },
                {
                    "name": "closeDate"
                }
            ],
            [
                {
                    "name": "amount"
                },
                false
            ],
            [
                {
                    "name": "description",
                    "fullWidth": true
                }
            ]
        ]
    }
]