{
    "controller": "Controllers.RecordTree",
    "collection": "Collections.Tree",
    "menu": {
        "listTree": {
            "buttons": [
                {
                    "label": "List View",
                    "link": "#ProductCategory\/list",
                    "acl": "read",
                    "style": "default"
                }
            ]
        },
        "list": {
            "buttons": [
                {
                    "label": "Tree View",
                    "link": "#ProductCategory",
                    "acl": "read",
                    "style": "default"
                }
            ]
        }
    }
}