{
    "controller": "Advanced:Controllers.Report",
    "boolFilterList": ["onlyMy"],
    "boolFilters": ["onlyMy"],
    "recordViews": {
        "list":"Advanced:Report.Record.List",
        "detail": "Advanced:Report.Record.Detail",
        "edit": "Advanced:Report.Record.Edit"
    },
    "views": {
        "list": "Advanced:Report.List"
    },
    "menu": {
        "list": {
            "buttons": [
                {
                    "label": "Create Report",
                    "action": "create",
                    "acl": "edit",
                    "style": "primary"
                }
            ]
        }
    },
    "bottomPanels": {
        "detail": [
            {
                "name": "report",
                "label": "Report",
                "view": "Advanced:Report.Record.Panels.Report"
            }
        ]
    },
    "filterList": [
        "grid",
        "list"
    ],
    "formDependency": {

        "emailSendingInterval": {
          "map": {
            "" : [
              {
                "action": "hide",
                "fields": ["emailSendingTime","emailSendingUsers","emailSendingSettingMonth", "emailSendingSettingDay", "emailSendingSettingWeekdays"]
              }
            ],
            "Daily" : [
              {
                "action": "show",
                "fields": ["emailSendingTime","emailSendingUsers"]
              },
              {
                "action": "hide",
                "fields": ["emailSendingSettingMonth", "emailSendingSettingDay", "emailSendingSettingWeekdays"]
              }
            ],
            "Monthly" : [
              {
                "action": "show",
                "fields": ["emailSendingTime", "emailSendingUsers", "emailSendingSettingDay"]
              },
              {
                "action": "hide",
                "fields": ["emailSendingSettingMonth", "emailSendingSettingWeekdays"]
              }
            ],
            "Weekly" : [
              {
                "action": "show",
                "fields": ["emailSendingTime","emailSendingUsers", "emailSendingSettingWeekdays"]
              },
              {
                "action": "hide",
                "fields": ["emailSendingSettingMonth", "emailSendingSettingDay"]
              }
            ],
            "Yearly" : [
              {
                "action": "show",
                "fields": ["emailSendingTime","emailSendingUsers", "emailSendingSettingDay", "emailSendingSettingMonth"]
              },
              {
                "action": "hide",
                "fields": ["emailSendingSettingWeekdays"]
              }
            ]
          },
          "default": [
             {
                 "action": "show",
                 "fields": ["emailSendingTime", "emailSendingUsers", "emailSendingSettingWeekdays", "emailSendingSettingDay", "emailSendingSettingMonth"]
             }
           ]
        }
      },
      "sidePanels":{
        "detail":[
            {
                "name":"emailSending",
                "label":"EmailSending",
                "view":"Record.Panels.Side",
                "options":{
                    "fields":[
                        "emailSendingInterval",
                        "emailSendingSettingWeekdays", 
                        "emailSendingSettingDay", 
                        "emailSendingSettingMonth",
                        "emailSendingTime",
                        "emailSendingUsers",
                        "emailSendingDoNotSendEmptyReport"
                    ],
                    "fieldList":[
                        "emailSendingInterval",
                        "emailSendingSettingWeekdays", 
                        "emailSendingSettingDay", 
                        "emailSendingSettingMonth",
                        "emailSendingTime",
                        "emailSendingUsers",
                        "emailSendingDoNotSendEmptyReport"
                    ],
                    "mode":"detail"
                }
            }
        ],
        "edit":[
            {
                "name":"emailSending",
                "label":"EmailSending",
                "view":"Record.Panels.Side",
                "options":{
                    "fields":[
                        "emailSendingInterval",
                        "emailSendingSettingWeekdays", 
                        "emailSendingSettingDay", 
                        "emailSendingSettingMonth",
                        "emailSendingTime",
                        "emailSendingUsers",
                        "emailSendingDoNotSendEmptyReport"
                    ],
                    "fieldList":[
                        "emailSendingInterval",
                        "emailSendingSettingWeekdays", 
                        "emailSendingSettingDay", 
                        "emailSendingSettingMonth",
                        "emailSendingTime",
                        "emailSendingUsers",
                        "emailSendingDoNotSendEmptyReport"
                    ],
                    "mode":"edit"
                }
            }
        ]
    }
}
