[
    {
        "label": "Overview",
        "rows": [
            [{"name": "name"}, {"name":"account"}],
            [{"name": "status"}, {"name":"opportunity"}],
            [{"name":"amount"}, false],
            [{"name": "dateQuoted"}, {"name": "number"}],
            [{"name": "dateInvoiced"}, {"name": "invoiceNumber"}]
        ]
    },
    {
        "label": "Details",
        "rows": [
            [{"name": "billingAddress"}, {"name":"shippingAddress"}],
            [{"name": "billingContact"}, {"name":"shippingContact"}],
            [{"name": "tax"}, {"name":"shippingProvider"}],
            [{"name": "description", "fullWidth": true}]
        ]
    }
]
