{
    "fields": {
        "name": {
            "type": "varchar"
        },
        "mcCampaignId": {
            "type": "varchar"
        },
        "type": {
            "type": "enum",
            "options": ["Sent", "MemberActivity", "Hard Bounced", "Soft Bounced", "Opted Out"]
        },
        "page": {
            "type": "int",
            "default": 0
        },
        "skip": {
            "type": "int",
            "default": 0
        },
        "data": {
            "type": "jsonObject"
        },
        "completed": {
            "type": "bool",
            "default": 0
        },
        "createdAt": {
            "type": "datetime",
            "readOnly": true
        },
        "modifiedAt": {
            "type": "datetime",
            "readOnly": true
        },
        "createdBy": {
            "type": "link",
            "readOnly": true
        },
        "modifiedBy": {
            "type": "link",
            "readOnly": true
        }
    },
    "links": {
        "createdBy": {
            "type": "belongsTo",
            "entity": "User"
        },
        "modifiedBy": {
            "type": "belongsTo",
            "entity": "User"
        }
    }
}
