{
    "fields": {
        "itemList": {
            "type": "jsonArray",
            "notStorable": true,
            "view": "Advanced:Opportunity.Fields.ItemList"
        }
    },
    "links": {
        "items": {
            "type": "hasMany",
            "entity": "OpportunityItem",
            "foreign": "opportunity",
            "layoutRelationshipsDisabled": true
        },
        "quotes": {
            "type": "hasMany",
            "entity": "Quote",
            "foreign": "opportunity"
        }
    }
}
