{
    "fields": {
        "name": {
            "type": "varchar",
            "required": true
        },
        "status": {
            "type": "enum",
            "options": ["Available", "Unavailable"],
            "default": "Available"
        },
        "brand": {
            "type": "link"
        },
        "partNumber": {
            "type": "varchar",
            "maxLength": 50
        },
        "url": {
            "type": "url"
        },
        "category": {
            "type": "link",
            "view": "Fields.LinkCategoryTree"
        },
        "description": {
            "type": "text"
        },
        "pricingType": {
            "type": "enum",
            "options": ["Same as List", "Fixed", "Discount from List", "Markup over Cost", "Profit Margin"],
            "default": "Same as List",
            "view": "Advanced:Product.Fields.PricingType"
        },
        "pricingFactor": {
            "type": "float",
            "default": 0
        },
        "costPrice": {
            "type": "currency"
        },
        "listPrice": {
            "type": "currency"
        },
        "unitPrice": {
            "type": "currency"
        },
        "createdAt": {
            "type": "datetime",
            "readOnly": true
        },
        "modifiedAt": {
            "type": "datetime",
            "readOnly": true
        },
        "createdBy": {
            "type": "link",
            "readOnly": true
        },
        "modifiedBy": {
            "type": "link",
            "readOnly": true
        },
        "teams": {
            "type": "linkMultiple"
        }
    },
    "links": {
        "createdBy": {
            "type": "belongsTo",
            "entity": "User"
        },
        "modifiedBy": {
            "type": "belongsTo",
            "entity": "User"
        },
        "brand": {
            "type": "belongsTo",
            "entity": "ProductBrand"
        },
        "category": {
            "type": "belongsTo",
            "foreign": "products",
            "entity": "ProductCategory"
        },
        "teams": {
            "type": "hasMany",
            "entity": "Team",
            "relationName": "EntityTeam",
            "layoutRelationshipsDisabled": true
        }
    },
    "collection": {
        "sortBy": "name",
        "asc": true
    }
}
