{
    "fields": {
        "name": {
            "type": "varchar",
            "required": true
        },
        "website": {
            "type": "url"
        },
        "description": {
            "type": "text"
        },
        "createdAt": {
            "type": "datetime",
            "readOnly": true
        },
        "modifiedAt": {
            "type": "datetime",
            "readOnly": true
        },
        "createdBy": {
            "type": "link",
            "readOnly": true
        },
        "modifiedBy": {
            "type": "link",
            "readOnly": true
        },
        "teams": {
            "type": "linkMultiple"
        }
    },
    "links": {
        "createdBy": {
            "type": "belongsTo",
            "entity": "User"
        },
        "modifiedBy": {
            "type": "belongsTo",
            "entity": "User"
        },
        "teams": {
            "type": "hasMany",
            "entity": "Team",
            "relationName": "entityTeam",
            "layoutRelationshipsDisabled": true
        },
        "products": {
            "type": "hasMany",
            "foreign": "brand",
            "entity": "Product"
        }
    },
    "collection": {
        "sortBy": "name",
        "asc": true
    }
}
