{
    "fields": {
        "mailChimpListId": {
            "type": "varchar"
        },
        "mailChimpListName": {
            "type": "varchar"
        },
        "mcListGroupingId": {
            "type": "varchar"
        },
        "mcListGroupingName": {
            "type": "varchar"
        },
        "mcListGroupId": {
            "type": "varchar"
        },
        "mcListGroupName": {
            "type": "varchar"
        },
        "mailChimpManualSyncRun": {
            "type": "bool",
            "readOnly": true,
            "disabled": true
        },
        "mailChimpLastManualSyncStatus": {
            "type": "varchar",
            "readOnly": true,
            "disabled": true
        },
        "mailChimpLastSuccessfulUpdating": {
            "type": "datetime",
            "readOnly": true,
            "disabled": true
        },
        "syncWithReportsEnabled": {
            "type": "bool",
            "disabled": true
        },
        "syncWithReports": {
            "type": "linkMultiple",
            "view": "Advanced:TargetList.Fields.SyncWithReports",
            "disabled": true,
            "tooltip": true
        },
        "syncWithReportsUnlink": {
            "type": "bool",
            "disabled": true,
            "tooltip": true
        }
    },
    "links": {
        "syncWithReports": {
            "type": "hasMany",
            "entity": "Report",
            "foreign": "syncTargetLists",
            "disabled": true
        }
    }
}
