{
    "fields": {
        "name": {
            "type": "varchar",
            "required": true
        },
        "rate": {
            "type": "float",
            "min": 0,
            "max": 100,
            "required": true
        },
        "description": {
            "type": "text"
        },
        "createdAt": {
            "type": "datetime",
            "readOnly": true
        },
        "modifiedAt": {
            "type": "datetime",
            "readOnly": true
        },
        "createdBy": {
            "type": "link",
            "readOnly": true
        },
        "modifiedBy": {
            "type": "link",
            "readOnly": true
        }
    },
    "links": {
        "createdBy": {
            "type": "belongsTo",
            "entity": "User"
        },
        "modifiedBy": {
            "type": "belongsTo",
            "entity": "User"
        }
    },
    "collection": {
        "sortBy": "name",
        "asc": true
    }
}
