[
    {
        "label": "",
        "rows": [
            [
                {
                    "name": "type"
                },
                {
                    "name": "status"
                }
            ],
            [
                {
                    "name": "propertyType"
                },
                {
                    "name": "contacts"
                }
            ],
            [
                {
                    "name": "locations"
                },
                {
                    "name": "price"
                }
            ],
            [
                {
                    "name": "description",
                    "fullWidth": true
                }
            ]
        ]
    }
]